degree,alpha,n_polynomial_features,mean_train_mse,mean_train_r2,mean_cv_mse,std_cv_mse,mean_cv_r2,std_cv_r2
1,16.768329368110066,3,28.492296189382735,0.2743725038874968,29.084166287476556,4.954669458960116,0.2566437821395353,0.05111635112279844
2,3.727593720314938,9,18.72199754431264,0.5230180421631179,19.929319310592174,2.9442755744312805,0.48892136005346565,0.03683793943102536
3,0.5689866029018293,19,8.795543209206889,0.7759772734078267,9.97299241763831,2.0407943303186524,0.7444935110971839,0.03686383725937135
4,0.0001,34,2.8687080133527876,0.92687632215677,3.4391429542582457,0.2553851343380431,0.9109980760114345,0.007763024629029481
5,0.12648552168552957,55,1.022517945422684,0.9739514811371649,1.432757810741958,0.3078741566353955,0.9632364770140484,0.0056706501347413354
6,0.0013894954943731374,83,0.4105320820059718,0.9895339577897525,0.6119116735692428,0.07516214214489934,0.9841416718177687,0.0021150967887485638
7,0.0001,119,0.20359173691110205,0.9948130973741762,0.35028645262132585,0.08711067481388382,0.9910303477383836,0.0016231455226948994
8,0.05963623316594643,164,0.15528094251710342,0.9960421395994816,0.28192738437236264,0.050920603372131536,0.9927041644860679,0.0013359936964365642
9,0.2682695795279725,219,0.15267147335024145,0.9961090903796566,0.2899243750356427,0.05851990733808275,0.9925282125655912,0.0012515319219602013
10,0.8286427728546842,285,0.15343286607316742,0.9960895402818188,0.2651535748810444,0.046162132534119764,0.9931487396995891,0.0011173295733794021
11,1.2067926406393288,363,0.15220829270408548,0.9961208417086954,0.2737145951178739,0.05209119340133511,0.9929415960725022,0.0011470354904600689
12,1.7575106248547894,454,0.15120228016445164,0.99614639147535,0.26296717372112177,0.04713263344462595,0.993213910611076,0.0010992459269471588
13,2.559547922699533,559,0.15417635858607487,0.9960706754044274,0.2730468895169831,0.04892867040700349,0.99295434611725,0.001122219930328502
14,3.727593720314938,679,0.15726269132391063,0.9959919740113818,0.2707997237098354,0.04753714131561599,0.9930154153837275,0.0010882502754878602
15,3.727593720314938,815,0.15542524013261677,0.996038842408049,0.2809547172543892,0.04849356569863575,0.9927484505459778,0.0011517180959359935
16,5.428675439323859,968,0.16108046915553922,0.9958946790916476,0.2843112618414431,0.04842307477942775,0.9926672595223061,0.001117670393888603
17,5.428675439323859,1139,0.15972447483464286,0.9959292755944352,0.29366609569372965,0.048962799325593304,0.9924208455079917,0.0011802081357275979
18,5.428675439323859,1329,0.15726290768787593,0.9959918710165849,0.30102265523790506,0.05163298693923114,0.9922361921253475,0.001230366393058749
19,5.428675439323859,1539,0.1560990662333383,0.9960215521139106,0.3096677202864341,0.052732062593108524,0.9920124481298596,0.0012769336862200515
20,7.9060432109076855,1770,0.16485240819036273,0.9957984380548878,0.3192861506685916,0.05246328761664025,0.9917656146725218,0.001248151018333767
